{"tile_0000":{"up":{"tile_0000":0.25},"down":{"tile_0048":0.166666672,"tile_0000":0.166666672},"left":{"tile_0000":0.166666672,"tile_0048":0.166666672},"right":{"tile_0048":0.2,"tile_0000":0.2}},"tile_0048":{"up":{"tile_0048":0.5,"tile_0000":0.1},"down":{"tile_0048":0.5},"left":{"tile_0000":0.1,"tile_0048":0.6},"right":{"tile_0048":0.6,"tile_0000":0.1}}}